{"cameraMode":{"drawMode":0,"name":"Shaded","section":"Shading Mode"},"sceneLighting":true,"audioPlay":false,"sceneViewState":{"m_AlwaysRefresh":false,"showFog":true,"showSkybox":true,"showFlares":true,"showImageEffects":true,"showParticleSystems":true,"showVisualEffectGraphs":true,"m_FxEnabled":true},"in2DMode":false,"pivot":{"x":-33.90825653076172,"y":41.579200744628909,"z":-292.3345642089844},"rotation":{"x":0.15491938591003419,"y":0.09275075048208237,"z":-0.015553347766399384,"w":0.9835933446884155},"size":2.867119789123535,"orthographic":false}